{"cameraMode":{"drawMode":0,"name":"Shaded","section":"Shading Mode"},"sceneLighting":false,"audioPlay":false,"sceneViewState":{"showFog":true,"showMaterialUpdate":false,"showSkybox":true,"showFlares":true,"showImageEffects":true,"showParticleSystems":true},"in2DMode":false,"pivot":{"x":0.0,"y":0.8199999332427979,"z":0.000500023365020752},"rotation":{"x":-0.211581289768219,"y":-0.33635732531547549,"z":0.07783327996730805,"w":-0.9143518209457398},"size":8.574614524841309,"orthographic":true}