{"cameraMode":{"drawMode":0,"name":"Shaded","section":"Shading Mode"},"sceneLighting":true,"audioPlay":false,"sceneViewState":{"showFog":true,"showMaterialUpdate":false,"showSkybox":true,"showFlares":true,"showImageEffects":true,"showParticleSystems":true},"in2DMode":false,"pivot":{"x":0.5888796448707581,"y":0.6175116300582886,"z":0.40346989035606387},"rotation":{"x":-0.018480686470866205,"y":0.981447160243988,"z":-0.12881091237068177,"w":-0.14081065356731416},"size":2.4205803871154787,"orthographic":true}