{"cameraMode":{"drawMode":0,"name":"Shaded","section":"Shading Mode"},"sceneLighting":false,"audioPlay":false,"sceneViewState":{"showFog":true,"showMaterialUpdate":false,"showSkybox":true,"showFlares":true,"showImageEffects":true,"showParticleSystems":true},"in2DMode":false,"pivot":{"x":0.2709999680519104,"y":0.0,"z":4.320000171661377},"rotation":{"x":-0.211581289768219,"y":-0.33635732531547549,"z":0.07783327996730805,"w":-0.9143518209457398},"size":7.6618475914001469,"orthographic":true}