{"cameraMode":{"drawMode":0,"name":"Shaded","section":"Shading Mode"},"sceneLighting":false,"audioPlay":false,"sceneViewState":{"showFog":true,"showMaterialUpdate":false,"showSkybox":true,"showFlares":true,"showImageEffects":true,"showParticleSystems":true},"in2DMode":false,"pivot":{"x":-0.5004373788833618,"y":-0.83203125,"z":0.07564634084701538},"rotation":{"x":-0.211581289768219,"y":-0.33635732531547549,"z":0.07783327996730805,"w":-0.9143518209457398},"size":2.8578836917877199,"orthographic":true}